"","customer","Recency","Frequency","Monetary","RFM_Score","segment","segmentRecency","segmentFrequency","segmentMonetary"
"6","1005",12,17,450287,555,"Champions","Active","Fans","High Spenders"
"32","1031",7,19,455103,555,"Champions","Active","Fans","High Spenders"
"57","1056",23,17,379812,555,"Champions","Active","Fans","High Spenders"
"92","1091",13,18,446428,555,"Champions","Active","Fans","High Spenders"
"125","1124",17,19,537979,555,"Champions","Active","Fans","High Spenders"
"164","1163",7,17,399924,555,"Champions","Active","Fans","High Spenders"
"169","1168",6,18,446827,555,"Champions","Active","Fans","High Spenders"
"197","1196",23,17,419706,555,"Champions","Active","Fans","High Spenders"
"262","1261",20,18,491400,555,"Champions","Active","Fans","High Spenders"
"279","1278",28,17,415589,555,"Champions","Active","Fans","High Spenders"
"310","1309",9,17,418343,555,"Champions","Active","Fans","High Spenders"
"355","1354",30,18,436542,555,"Champions","Active","Fans","High Spenders"
"450","1449",10,20,468612,555,"Champions","Active","Fans","High Spenders"
"485","1484",17,17,422033,555,"Champions","Active","Fans","High Spenders"
"590","1589",16,17,424192,555,"Champions","Active","Fans","High Spenders"
"672","1671",34,19,483900,555,"Champions","Active","Fans","High Spenders"
"674","1673",12,17,431410,555,"Champions","Active","Fans","High Spenders"
"802","1801",7,17,401533,555,"Champions","Active","Fans","High Spenders"
"946","1945",11,19,440139,555,"Champions","Active","Fans","High Spenders"
"997","1996",8,17,435601,555,"Champions","Active","Fans","High Spenders"
"35","1034",25,15,331255,545,"Loyal Customers","Active","Fans","High Spenders"
"51","1050",35,15,409751,545,"Loyal Customers","Sleeping","Fans","High Spenders"
"66","1065",17,14,340406,545,"Loyal Customers","Active","Fans","High Spenders"
"71","1070",6,13,336462,545,"Loyal Customers","Active","Fans","High Spenders"
"83","1082",10,13,344432,545,"Loyal Customers","Active","Fans","High Spenders"
"84","1083",35,13,368190,545,"Loyal Customers","Sleeping","Fans","High Spenders"
"87","1086",15,13,354533,545,"Loyal Customers","Active","Fans","High Spenders"
"104","1103",31,14,347031,545,"Loyal Customers","Active","Fans","High Spenders"
"106","1105",17,16,390667,545,"Loyal Customers","Active","Fans","High Spenders"
"119","1118",7,14,366776,545,"Loyal Customers","Active","Fans","High Spenders"
"132","1131",14,15,358110,545,"Loyal Customers","Active","Fans","High Spenders"
"159","1158",12,13,343331,545,"Loyal Customers","Active","Fans","High Spenders"
"166","1165",10,13,339255,545,"Loyal Customers","Active","Fans","High Spenders"
"170","1169",27,14,343320,545,"Loyal Customers","Active","Fans","High Spenders"
"173","1172",9,16,418812,545,"Loyal Customers","Active","Fans","High Spenders"
"174","1173",17,15,363344,545,"Loyal Customers","Active","Fans","High Spenders"
"180","1179",26,14,355576,545,"Loyal Customers","Active","Fans","High Spenders"
"181","1180",18,13,344359,545,"Loyal Customers","Active","Fans","High Spenders"
"186","1185",6,13,344231,545,"Loyal Customers","Active","Fans","High Spenders"
"192","1191",31,15,358633,545,"Loyal Customers","Active","Fans","High Spenders"
"214","1213",8,16,391356,545,"Loyal Customers","Active","Fans","High Spenders"
"232","1231",20,14,337792,545,"Loyal Customers","Active","Fans","High Spenders"
"239","1238",32,16,429780,545,"Loyal Customers","Active","Fans","High Spenders"
"248","1247",25,14,351731,545,"Loyal Customers","Active","Fans","High Spenders"
"249","1248",25,15,386317,545,"Loyal Customers","Active","Fans","High Spenders"
"252","1251",34,14,338632,545,"Loyal Customers","Active","Fans","High Spenders"
"264","1263",23,14,357970,545,"Loyal Customers","Active","Fans","High Spenders"
"273","1272",6,13,333738,545,"Loyal Customers","Active","Fans","High Spenders"
"274","1273",14,15,359062,545,"Loyal Customers","Active","Fans","High Spenders"
"277","1276",21,14,359758,545,"Loyal Customers","Active","Fans","High Spenders"
"281","1280",14,16,377026,545,"Loyal Customers","Active","Fans","High Spenders"
"282","1281",22,15,384181,545,"Loyal Customers","Active","Fans","High Spenders"
"284","1283",35,14,335120,545,"Loyal Customers","Sleeping","Fans","High Spenders"
"289","1288",25,14,358826,545,"Loyal Customers","Active","Fans","High Spenders"
"317","1316",7,14,360801,545,"Loyal Customers","Active","Fans","High Spenders"
"324","1323",13,15,376340,545,"Loyal Customers","Active","Fans","High Spenders"
"329","1328",12,15,376755,545,"Loyal Customers","Active","Fans","High Spenders"
"332","1331",10,13,338431,545,"Loyal Customers","Active","Fans","High Spenders"
"333","1332",8,13,377315,545,"Loyal Customers","Active","Fans","High Spenders"
"337","1336",28,14,336974,545,"Loyal Customers","Active","Fans","High Spenders"
"345","1344",16,14,358282,545,"Loyal Customers","Active","Fans","High Spenders"
"356","1355",17,16,401080,545,"Loyal Customers","Active","Fans","High Spenders"
"366","1365",8,14,344133,545,"Loyal Customers","Active","Fans","High Spenders"
"370","1369",30,14,353942,545,"Loyal Customers","Active","Fans","High Spenders"
"373","1372",6,15,393021,545,"Loyal Customers","Active","Fans","High Spenders"
"403","1402",15,16,401621,545,"Loyal Customers","Active","Fans","High Spenders"
"429","1428",28,15,378586,545,"Loyal Customers","Active","Fans","High Spenders"
"436","1435",11,16,388387,545,"Loyal Customers","Active","Fans","High Spenders"
"443","1442",13,15,384742,545,"Loyal Customers","Active","Fans","High Spenders"
"452","1451",30,13,317261,545,"Loyal Customers","Active","Fans","High Spenders"
"464","1463",12,16,453253,545,"Loyal Customers","Active","Fans","High Spenders"
"465","1464",26,15,385541,545,"Loyal Customers","Active","Fans","High Spenders"
"498","1497",9,15,358740,545,"Loyal Customers","Active","Fans","High Spenders"
"503","1502",10,14,346190,545,"Loyal Customers","Active","Fans","High Spenders"
"514","1513",18,15,389688,545,"Loyal Customers","Active","Fans","High Spenders"
"532","1531",35,16,423491,545,"Loyal Customers","Sleeping","Fans","High Spenders"
"535","1534",7,14,334404,545,"Loyal Customers","Active","Fans","High Spenders"
"542","1541",34,15,373797,545,"Loyal Customers","Active","Fans","High Spenders"
"553","1552",30,13,351425,545,"Loyal Customers","Active","Fans","High Spenders"
"559","1558",35,15,379196,545,"Loyal Customers","Sleeping","Fans","High Spenders"
"566","1565",14,13,322141,545,"Loyal Customers","Active","Fans","High Spenders"
"568","1567",10,14,356216,545,"Loyal Customers","Active","Fans","High Spenders"
"575","1574",11,14,358139,545,"Loyal Customers","Active","Fans","High Spenders"
"587","1586",29,13,335487,545,"Loyal Customers","Active","Fans","High Spenders"
"601","1600",25,15,397402,545,"Loyal Customers","Active","Fans","High Spenders"
"614","1613",16,15,389241,545,"Loyal Customers","Active","Fans","High Spenders"
"630","1629",28,14,393066,545,"Loyal Customers","Active","Fans","High Spenders"
"637","1636",6,14,375861,545,"Loyal Customers","Active","Fans","High Spenders"
"655","1654",20,16,383235,545,"Loyal Customers","Active","Fans","High Spenders"
"664","1663",18,14,348591,545,"Loyal Customers","Active","Fans","High Spenders"
"685","1684",7,15,374117,545,"Loyal Customers","Active","Fans","High Spenders"
"697","1696",22,14,319639,545,"Loyal Customers","Active","Fans","High Spenders"
"705","1704",6,15,349605,545,"Loyal Customers","Active","Fans","High Spenders"
"738","1737",10,15,387864,545,"Loyal Customers","Active","Fans","High Spenders"
"745","1744",17,14,320333,545,"Loyal Customers","Active","Fans","High Spenders"
"756","1755",29,15,383440,545,"Loyal Customers","Active","Fans","High Spenders"
"764","1763",33,13,337843,545,"Loyal Customers","Active","Fans","High Spenders"
"771","1770",25,15,420120,545,"Loyal Customers","Active","Fans","High Spenders"
"787","1786",14,15,371532,545,"Loyal Customers","Active","Fans","High Spenders"
"872","1871",28,14,384445,545,"Loyal Customers","Active","Fans","High Spenders"
"875","1874",6,13,347047,545,"Loyal Customers","Active","Fans","High Spenders"
"883","1882",9,14,350935,545,"Loyal Customers","Active","Fans","High Spenders"
"889","1888",15,13,334197,545,"Loyal Customers","Active","Fans","High Spenders"
"892","1891",11,14,347317,545,"Loyal Customers","Active","Fans","High Spenders"
"899","1898",6,15,386811,545,"Loyal Customers","Active","Fans","High Spenders"
"903","1902",8,13,316261,545,"Loyal Customers","Active","Fans","High Spenders"
"905","1904",13,15,384557,545,"Loyal Customers","Active","Fans","High Spenders"
"909","1908",18,16,431520,545,"Loyal Customers","Active","Fans","High Spenders"
"913","1912",14,15,399066,545,"Loyal Customers","Active","Fans","High Spenders"
"945","1944",29,14,362844,545,"Loyal Customers","Active","Fans","High Spenders"
"953","1952",23,14,353976,545,"Loyal Customers","Active","Fans","High Spenders"
"964","1963",27,14,376909,545,"Loyal Customers","Active","Fans","High Spenders"
"967","1966",10,14,335904,545,"Loyal Customers","Active","Fans","High Spenders"
"983","1982",11,13,330039,545,"Loyal Customers","Active","Fans","High Spenders"
"987","1986",23,13,324762,545,"Loyal Customers","Active","Fans","High Spenders"
"8","1007",6,13,292007,544,"Loyal Customers","Active","Fans","Average Spenders"
"120","1119",12,13,305115,544,"Loyal Customers","Active","Fans","High Spenders"
"194","1193",33,13,292834,544,"Loyal Customers","Active","Fans","Average Spenders"
"227","1226",13,13,306673,544,"Loyal Customers","Active","Fans","High Spenders"
"454","1453",19,14,313727,544,"Loyal Customers","Active","Fans","High Spenders"
"625","1624",15,13,311867,544,"Loyal Customers","Active","Fans","High Spenders"
"646","1645",19,13,295133,544,"Loyal Customers","Active","Fans","Average Spenders"
"692","1691",15,13,281382,544,"Loyal Customers","Active","Fans","Average Spenders"
"730","1729",10,14,313250,544,"Loyal Customers","Active","Fans","High Spenders"
"818","1817",6,13,303246,544,"Loyal Customers","Active","Fans","High Spenders"
"830","1829",14,13,291678,544,"Loyal Customers","Active","Fans","Average Spenders"
"895","1894",7,13,295852,544,"Loyal Customers","Active","Fans","Average Spenders"
"38","1037",7,12,320472,535,"Active","Active","Loyal","High Spenders"
"145","1144",18,12,316065,535,"Active","Active","Loyal","High Spenders"
"351","1350",34,12,316536,535,"Active","Active","Loyal","High Spenders"
"392","1391",13,12,326831,535,"Active","Active","Loyal","High Spenders"
"407","1406",21,12,318165,535,"Active","Active","Loyal","High Spenders"
"424","1423",33,12,318032,535,"Active","Active","Loyal","High Spenders"
"493","1492",8,12,317546,535,"Active","Active","Loyal","High Spenders"
"567","1566",21,12,342284,535,"Active","Active","Loyal","High Spenders"
"586","1585",21,12,316941,535,"Active","Active","Loyal","High Spenders"
"662","1661",18,12,315385,535,"Active","Active","Loyal","High Spenders"
"667","1666",14,12,315850,535,"Active","Active","Loyal","High Spenders"
"669","1668",21,12,320178,535,"Active","Active","Loyal","High Spenders"
"1","1000",19,11,275652,534,"Active","Active","Loyal","Average Spenders"
"18","1017",20,12,282748,534,"Active","Active","Loyal","Average Spenders"
"22","1021",7,11,267778,534,"Active","Active","Loyal","Average Spenders"
"31","1030",12,12,298720,534,"Active","Active","Loyal","Average Spenders"
"42","1041",30,12,290145,534,"Active","Active","Loyal","Average Spenders"
"75","1074",17,12,286847,534,"Active","Active","Loyal","Average Spenders"
"80","1079",19,12,281617,534,"Active","Active","Loyal","Average Spenders"
"90","1089",23,11,293579,534,"Active","Active","Loyal","Average Spenders"
"96","1095",14,11,292408,534,"Active","Active","Loyal","Average Spenders"
"99","1098",29,11,272133,534,"Active","Active","Loyal","Average Spenders"
"101","1100",20,12,311531,534,"Active","Active","Loyal","High Spenders"
"133","1132",14,12,293030,534,"Active","Active","Loyal","Average Spenders"
"134","1133",19,11,305639,534,"Active","Active","Loyal","High Spenders"
"135","1134",19,11,288207,534,"Active","Active","Loyal","Average Spenders"
"163","1162",18,11,278594,534,"Active","Active","Loyal","Average Spenders"
"165","1164",9,12,295456,534,"Active","Active","Loyal","Average Spenders"
"177","1176",23,12,285562,534,"Active","Active","Loyal","Average Spenders"
"191","1190",6,12,292812,534,"Active","Active","Loyal","Average Spenders"
"198","1197",9,12,279053,534,"Active","Active","Loyal","Average Spenders"
"199","1198",21,12,281874,534,"Active","Active","Loyal","Average Spenders"
"210","1209",30,12,306234,534,"Active","Active","Loyal","High Spenders"
"218","1217",28,11,284064,534,"Active","Active","Loyal","Average Spenders"
"221","1220",19,12,269227,534,"Active","Active","Loyal","Average Spenders"
"222","1221",21,12,295377,534,"Active","Active","Loyal","Average Spenders"
"243","1242",7,11,286189,534,"Active","Active","Loyal","Average Spenders"
"244","1243",6,11,278449,534,"Active","Active","Loyal","Average Spenders"
"246","1245",12,12,278552,534,"Active","Active","Loyal","Average Spenders"
"296","1295",24,11,299847,534,"Active","Active","Loyal","High Spenders"
"304","1303",18,12,307523,534,"Active","Active","Loyal","High Spenders"
"307","1306",12,11,275150,534,"Active","Active","Loyal","Average Spenders"
"318","1317",22,10,287894,534,"Active","Active","Rare","Average Spenders"
"371","1370",15,12,313584,534,"Active","Active","Loyal","High Spenders"
"380","1379",22,11,276530,534,"Active","Active","Loyal","Average Spenders"
"385","1384",18,11,269371,534,"Active","Active","Loyal","Average Spenders"
"386","1385",34,11,303075,534,"Active","Active","Loyal","High Spenders"
"388","1387",30,10,270281,534,"Active","Active","Rare","Average Spenders"
"396","1395",13,11,305622,534,"Active","Active","Loyal","High Spenders"
"411","1410",18,12,286291,534,"Active","Active","Loyal","Average Spenders"
"435","1434",10,12,278798,534,"Active","Active","Loyal","Average Spenders"
"447","1446",7,11,300563,534,"Active","Active","Loyal","High Spenders"
"448","1447",18,12,290761,534,"Active","Active","Loyal","Average Spenders"
"463","1462",21,12,294431,534,"Active","Active","Loyal","Average Spenders"
"510","1509",30,11,278494,534,"Active","Active","Loyal","Average Spenders"
"516","1515",18,11,285679,534,"Active","Active","Loyal","Average Spenders"
"521","1520",11,10,278520,534,"Active","Active","Rare","Average Spenders"
"522","1521",10,11,294210,534,"Active","Active","Loyal","Average Spenders"
"529","1528",16,12,272887,534,"Active","Active","Loyal","Average Spenders"
"534","1533",30,11,277317,534,"Active","Active","Loyal","Average Spenders"
"541","1540",7,12,302163,534,"Active","Active","Loyal","High Spenders"
"548","1547",11,12,287151,534,"Active","Active","Loyal","Average Spenders"
"554","1553",12,12,289641,534,"Active","Active","Loyal","Average Spenders"
"557","1556",16,12,303547,534,"Active","Active","Loyal","High Spenders"
"560","1559",33,12,279535,534,"Active","Active","Loyal","Average Spenders"
"562","1561",27,12,293654,534,"Active","Active","Loyal","Average Spenders"
"565","1564",9,11,292927,534,"Active","Active","Loyal","Average Spenders"
"580","1579",19,11,286939,534,"Active","Active","Loyal","Average Spenders"
"602","1601",9,12,289685,534,"Active","Active","Loyal","Average Spenders"
"616","1615",27,12,308514,534,"Active","Active","Loyal","High Spenders"
"624","1623",11,11,287788,534,"Active","Active","Loyal","Average Spenders"
"638","1637",17,10,269428,534,"Active","Active","Rare","Average Spenders"
"644","1643",14,12,283515,534,"Active","Active","Loyal","Average Spenders"
"649","1648",35,10,275577,534,"Active","Sleeping","Rare","Average Spenders"
"658","1657",8,12,283394,534,"Active","Active","Loyal","Average Spenders"
"660","1659",11,11,302834,534,"Active","Active","Loyal","High Spenders"
"663","1662",31,11,285384,534,"Active","Active","Loyal","Average Spenders"
"665","1664",8,11,273195,534,"Active","Active","Loyal","Average Spenders"
"689","1688",13,12,307406,534,"Active","Active","Loyal","High Spenders"
"695","1694",14,10,274930,534,"Active","Active","Rare","Average Spenders"
"699","1698",28,12,293198,534,"Active","Active","Loyal","Average Spenders"
"708","1707",35,11,284919,534,"Active","Sleeping","Loyal","Average Spenders"
"710","1709",11,12,282374,534,"Active","Active","Loyal","Average Spenders"
"715","1714",32,11,287629,534,"Active","Active","Loyal","Average Spenders"
"733","1732",13,12,274945,534,"Active","Active","Loyal","Average Spenders"
"735","1734",18,11,288858,534,"Active","Active","Loyal","Average Spenders"
"737","1736",20,12,299639,534,"Active","Active","Loyal","High Spenders"
"739","1738",17,11,283310,534,"Active","Active","Loyal","Average Spenders"
"743","1742",9,11,276958,534,"Active","Active","Loyal","Average Spenders"
"749","1748",9,10,271542,534,"Active","Active","Rare","Average Spenders"
"750","1749",8,12,277010,534,"Active","Active","Loyal","Average Spenders"
"752","1751",18,12,308881,534,"Active","Active","Loyal","High Spenders"
"753","1752",15,11,272282,534,"Active","Active","Loyal","Average Spenders"
"768","1767",33,11,285459,534,"Active","Active","Loyal","Average Spenders"
"773","1772",10,12,314743,534,"Active","Active","Loyal","High Spenders"
"780","1779",26,12,297759,534,"Active","Active","Loyal","Average Spenders"
"786","1785",12,11,283793,534,"Active","Active","Loyal","Average Spenders"
"792","1791",32,11,270430,534,"Active","Active","Loyal","Average Spenders"
"793","1792",21,12,294180,534,"Active","Active","Loyal","Average Spenders"
"795","1794",8,12,298157,534,"Active","Active","Loyal","Average Spenders"
"796","1795",33,12,300143,534,"Active","Active","Loyal","High Spenders"
"805","1804",9,11,266656,534,"Active","Active","Loyal","Average Spenders"
"829","1828",23,12,310109,534,"Active","Active","Loyal","High Spenders"
"851","1850",8,11,302862,534,"Active","Active","Loyal","High Spenders"
"870","1869",8,11,271970,534,"Active","Active","Loyal","Average Spenders"
"885","1884",8,10,273690,534,"Active","Active","Rare","Average Spenders"
"904","1903",16,12,283570,534,"Active","Active","Loyal","Average Spenders"
"917","1916",10,12,283722,534,"Active","Active","Loyal","Average Spenders"
"918","1917",30,11,274762,534,"Active","Active","Loyal","Average Spenders"
"929","1928",27,12,293705,534,"Active","Active","Loyal","Average Spenders"
"935","1934",25,12,289085,534,"Active","Active","Loyal","Average Spenders"
"939","1938",21,11,269811,534,"Active","Active","Loyal","Average Spenders"
"952","1951",13,11,283603,534,"Active","Active","Loyal","Average Spenders"
"954","1953",23,11,265663,534,"Active","Active","Loyal","Average Spenders"
"960","1959",19,11,273034,534,"Active","Active","Loyal","Average Spenders"
"972","1971",24,11,276801,534,"Active","Active","Loyal","Average Spenders"
"974","1973",31,11,303978,534,"Active","Active","Loyal","High Spenders"
"978","1977",11,12,298813,534,"Active","Active","Loyal","High Spenders"
"984","1983",13,12,296559,534,"Active","Active","Loyal","Average Spenders"
"998","1997",7,11,267586,534,"Active","Active","Loyal","Average Spenders"
"5","1004",33,10,234550,533,"Active","Active","Rare","Low Spenders"
"16","1015",26,10,247617,533,"Active","Active","Rare","Average Spenders"
"24","1023",11,11,257756,533,"Active","Active","Loyal","Average Spenders"
"48","1047",13,10,239563,533,"Active","Active","Rare","Low Spenders"
"60","1059",15,10,259995,533,"Active","Active","Rare","Average Spenders"
"74","1073",9,11,259193,533,"Active","Active","Loyal","Average Spenders"
"85","1084",11,11,257604,533,"Active","Active","Loyal","Average Spenders"
"88","1087",25,10,263556,533,"Active","Active","Rare","Average Spenders"
"95","1094",6,11,261563,533,"Active","Active","Loyal","Average Spenders"
"105","1104",18,10,260204,533,"Active","Active","Rare","Average Spenders"
"107","1106",32,11,246679,533,"Active","Active","Loyal","Average Spenders"
"121","1120",12,10,257720,533,"Active","Active","Rare","Average Spenders"
"138","1137",10,10,236892,533,"Active","Active","Rare","Low Spenders"
"139","1138",19,10,234620,533,"Active","Active","Rare","Low Spenders"
"150","1149",14,11,262276,533,"Active","Active","Loyal","Average Spenders"
"155","1154",15,12,265268,533,"Active","Active","Loyal","Average Spenders"
"179","1178",23,10,258658,533,"Active","Active","Rare","Average Spenders"
"217","1216",17,10,253053,533,"Active","Active","Rare","Average Spenders"
"224","1223",21,10,227813,533,"Active","Active","Rare","Low Spenders"
"251","1250",17,10,243153,533,"Active","Active","Rare","Low Spenders"
"255","1254",11,10,247529,533,"Active","Active","Rare","Average Spenders"
"286","1285",7,10,259336,533,"Active","Active","Rare","Average Spenders"
"288","1287",16,10,265359,533,"Active","Active","Rare","Average Spenders"
"294","1293",22,10,237842,533,"Active","Active","Rare","Low Spenders"
"321","1320",7,10,259220,533,"Active","Active","Rare","Average Spenders"
"327","1326",6,10,231797,533,"Active","Active","Rare","Low Spenders"
"328","1327",17,10,229942,533,"Active","Active","Rare","Low Spenders"
"361","1360",11,10,243245,533,"Active","Active","Rare","Low Spenders"
"363","1362",6,11,243326,533,"Active","Active","Loyal","Low Spenders"
"365","1364",6,11,260219,533,"Active","Active","Loyal","Average Spenders"
"379","1378",35,10,238193,533,"Active","Sleeping","Rare","Low Spenders"
"381","1380",28,10,232514,533,"Active","Active","Rare","Low Spenders"
"415","1414",19,11,256594,533,"Active","Active","Loyal","Average Spenders"
"417","1416",30,10,262131,533,"Active","Active","Rare","Average Spenders"
"422","1421",6,10,250878,533,"Active","Active","Rare","Average Spenders"
"426","1425",16,10,228878,533,"Active","Active","Rare","Low Spenders"
"457","1456",32,10,258522,533,"Active","Active","Rare","Average Spenders"
"472","1471",11,11,264857,533,"Active","Active","Loyal","Average Spenders"
"500","1499",34,10,242688,533,"Active","Active","Rare","Low Spenders"
"502","1501",11,10,235599,533,"Active","Active","Rare","Low Spenders"
"509","1508",8,10,228212,533,"Active","Active","Rare","Low Spenders"
"570","1569",10,10,242822,533,"Active","Active","Rare","Low Spenders"
"572","1571",18,11,249296,533,"Active","Active","Loyal","Average Spenders"
"578","1577",29,11,238935,533,"Active","Active","Loyal","Low Spenders"
"581","1580",17,10,235433,533,"Active","Active","Rare","Low Spenders"
"583","1582",7,11,260831,533,"Active","Active","Loyal","Average Spenders"
"609","1608",24,10,250290,533,"Active","Active","Rare","Average Spenders"
"620","1619",32,10,240324,533,"Active","Active","Rare","Low Spenders"
"627","1626",10,10,235807,533,"Active","Active","Rare","Low Spenders"
"628","1627",19,11,252154,533,"Active","Active","Loyal","Average Spenders"
"635","1634",26,10,233097,533,"Active","Active","Rare","Low Spenders"
"654","1653",13,10,242434,533,"Active","Active","Rare","Low Spenders"
"691","1690",6,10,233042,533,"Active","Active","Rare","Low Spenders"
"704","1703",9,10,248368,533,"Active","Active","Rare","Average Spenders"
"711","1710",23,11,264497,533,"Active","Active","Loyal","Average Spenders"
"712","1711",12,10,250787,533,"Active","Active","Rare","Average Spenders"
"725","1724",8,10,262190,533,"Active","Active","Rare","Average Spenders"
"747","1746",8,11,261755,533,"Active","Active","Loyal","Average Spenders"
"775","1774",25,10,258515,533,"Active","Active","Rare","Average Spenders"
"789","1788",29,10,259437,533,"Active","Active","Rare","Average Spenders"
"803","1802",6,10,246433,533,"Active","Active","Rare","Average Spenders"
"810","1809",11,10,247307,533,"Active","Active","Rare","Average Spenders"
"819","1818",28,12,251514,533,"Active","Active","Loyal","Average Spenders"
"838","1837",11,11,257176,533,"Active","Active","Loyal","Average Spenders"
"841","1840",17,11,262272,533,"Active","Active","Loyal","Average Spenders"
"843","1842",22,10,244273,533,"Active","Active","Rare","Low Spenders"
"846","1845",7,10,252952,533,"Active","Active","Rare","Average Spenders"
"852","1851",9,11,261422,533,"Active","Active","Loyal","Average Spenders"
"856","1855",7,11,253949,533,"Active","Active","Loyal","Average Spenders"
"859","1858",7,10,247135,533,"Active","Active","Rare","Average Spenders"
"863","1862",19,10,241126,533,"Active","Active","Rare","Low Spenders"
"866","1865",6,11,263243,533,"Active","Active","Loyal","Average Spenders"
"880","1879",7,10,234963,533,"Active","Active","Rare","Low Spenders"
"919","1918",29,10,265456,533,"Active","Active","Rare","Average Spenders"
"921","1920",30,10,256693,533,"Active","Active","Rare","Average Spenders"
"938","1937",9,10,262013,533,"Active","Active","Rare","Average Spenders"
"995","1994",9,10,248174,533,"Active","Active","Rare","Average Spenders"
"368","1367",34,10,223809,532,"Active","Active","Rare","Low Spenders"
"97","1096",12,9,230528,523,"Active","Active","Rare","Low Spenders"
"148","1147",21,9,237638,523,"Active","Active","Rare","Low Spenders"
"162","1161",19,9,237698,523,"Active","Active","Rare","Low Spenders"
"187","1186",18,9,235394,523,"Active","Active","Rare","Low Spenders"
"190","1189",35,9,247312,523,"Active","Sleeping","Rare","Average Spenders"
"266","1265",33,9,229297,523,"Active","Active","Rare","Low Spenders"
"267","1266",21,9,243123,523,"Active","Active","Rare","Low Spenders"
"303","1302",20,9,246760,523,"Active","Active","Rare","Average Spenders"
"331","1330",32,9,244502,523,"Active","Active","Rare","Low Spenders"
"382","1381",32,9,225336,523,"Active","Active","Rare","Low Spenders"
"406","1405",22,9,228003,523,"Active","Active","Rare","Low Spenders"
"419","1418",14,9,251412,523,"Active","Active","Rare","Average Spenders"
"423","1422",7,8,231857,523,"Active","Active","Rare","Low Spenders"
"481","1480",20,9,244968,523,"Active","Active","Rare","Average Spenders"
"491","1490",15,9,237175,523,"Active","Active","Rare","Low Spenders"
"527","1526",7,9,240843,523,"Active","Active","Rare","Low Spenders"
"540","1539",20,9,226845,523,"Active","Active","Rare","Low Spenders"
"563","1562",24,9,253357,523,"Active","Active","Rare","Average Spenders"
"582","1581",24,9,240669,523,"Active","Active","Rare","Low Spenders"
"589","1588",12,8,233233,523,"Active","Active","Rare","Low Spenders"
"605","1604",20,9,235704,523,"Active","Active","Rare","Low Spenders"
"610","1609",16,9,257130,523,"Active","Active","Rare","Average Spenders"
"621","1620",31,9,237710,523,"Active","Active","Rare","Low Spenders"
"640","1639",18,9,234468,523,"Active","Active","Rare","Low Spenders"
"713","1712",30,9,230717,523,"Active","Active","Rare","Low Spenders"
"781","1780",16,9,244367,523,"Active","Active","Rare","Low Spenders"
"813","1812",19,9,265414,523,"Active","Active","Rare","Average Spenders"
"815","1814",16,9,234693,523,"Active","Active","Rare","Low Spenders"
"881","1880",13,9,243934,523,"Active","Active","Rare","Low Spenders"
"922","1921",25,9,227432,523,"Active","Active","Rare","Low Spenders"
"936","1935",29,9,236355,523,"Active","Active","Rare","Low Spenders"
"947","1946",10,9,247092,523,"Active","Active","Rare","Average Spenders"
"10","1009",29,9,221095,522,"Active","Active","Rare","Low Spenders"
"13","1012",33,9,212391,522,"Active","Active","Rare","Low Spenders"
"21","1020",6,6,179268,522,"Active","Active","Rare","Low Spenders"
"40","1039",7,8,187164,522,"Active","Active","Rare","Low Spenders"
"55","1054",20,9,203331,522,"Active","Active","Rare","Low Spenders"
"62","1061",29,8,199247,522,"Active","Active","Rare","Low Spenders"
"63","1062",17,9,213289,522,"Active","Active","Rare","Low Spenders"
"67","1066",20,7,179662,522,"Active","Active","Rare","Low Spenders"
"93","1092",16,8,222402,522,"Active","Active","Rare","Low Spenders"
"130","1129",30,8,188993,522,"Active","Active","Rare","Low Spenders"
"154","1153",23,9,220899,522,"Active","Active","Rare","Low Spenders"
"160","1159",18,9,211537,522,"Active","Active","Rare","Low Spenders"
"175","1174",12,9,223985,522,"Active","Active","Rare","Low Spenders"
"182","1181",21,8,200563,522,"Active","Active","Rare","Low Spenders"
"205","1204",11,8,204719,522,"Active","Active","Rare","Low Spenders"
"209","1208",16,7,182653,522,"Active","Active","Rare","Low Spenders"
"238","1237",35,9,210353,522,"Active","Sleeping","Rare","Low Spenders"
"242","1241",20,9,210434,522,"Active","Active","Rare","Low Spenders"
"250","1249",27,8,219381,522,"Active","Active","Rare","Low Spenders"
"257","1256",32,8,189040,522,"Active","Active","Rare","Low Spenders"
"270","1269",29,8,183265,522,"Active","Active","Rare","Low Spenders"
"272","1271",15,8,187210,522,"Active","Active","Rare","Low Spenders"
"278","1277",32,9,209420,522,"Active","Active","Rare","Low Spenders"
"280","1279",25,7,185272,522,"Active","Active","Rare","Low Spenders"
"305","1304",28,9,224068,522,"Active","Active","Rare","Low Spenders"
"325","1324",27,9,192686,522,"Active","Active","Rare","Low Spenders"
"341","1340",15,9,200211,522,"Active","Active","Rare","Low Spenders"
"343","1342",16,8,196773,522,"Active","Active","Rare","Low Spenders"
"354","1353",34,7,200106,522,"Active","Active","Rare","Low Spenders"
"358","1357",20,8,209781,522,"Active","Active","Rare","Low Spenders"
"377","1376",18,8,191197,522,"Active","Active","Rare","Low Spenders"
"387","1386",15,8,203479,522,"Active","Active","Rare","Low Spenders"
"390","1389",30,9,222326,522,"Active","Active","Rare","Low Spenders"
"391","1390",31,8,191129,522,"Active","Active","Rare","Low Spenders"
"400","1399",24,9,219514,522,"Active","Active","Rare","Low Spenders"
"405","1404",18,8,202589,522,"Active","Active","Rare","Low Spenders"
"433","1432",21,9,204575,522,"Active","Active","Rare","Low Spenders"
"434","1433",17,9,215445,522,"Active","Active","Rare","Low Spenders"
"437","1436",11,8,213570,522,"Active","Active","Rare","Low Spenders"
"439","1438",12,9,211655,522,"Active","Active","Rare","Low Spenders"
"444","1443",10,7,179446,522,"Active","Active","Rare","Low Spenders"
"470","1469",11,8,216712,522,"Active","Active","Rare","Low Spenders"
"473","1472",11,8,181175,522,"Active","Active","Rare","Low Spenders"
"479","1478",17,9,200599,522,"Active","Active","Rare","Low Spenders"
"513","1512",25,9,220278,522,"Active","Active","Rare","Low Spenders"
"517","1516",33,7,184118,522,"Active","Active","Rare","Low Spenders"
"524","1523",7,8,218253,522,"Active","Active","Rare","Low Spenders"
"569","1568",9,8,201041,522,"Active","Active","Rare","Low Spenders"
"588","1587",33,8,192786,522,"Active","Active","Rare","Low Spenders"
"598","1597",35,8,211177,522,"Active","Sleeping","Rare","Low Spenders"
"615","1614",33,9,225292,522,"Active","Active","Rare","Low Spenders"
"626","1625",28,9,203119,522,"Active","Active","Rare","Low Spenders"
"645","1644",32,8,208813,522,"Active","Active","Rare","Low Spenders"
"648","1647",22,9,222770,522,"Active","Active","Rare","Low Spenders"
"657","1656",30,8,195573,522,"Active","Active","Rare","Low Spenders"
"659","1658",31,8,200858,522,"Active","Active","Rare","Low Spenders"
"661","1660",9,9,201465,522,"Active","Active","Rare","Low Spenders"
"666","1665",21,8,188950,522,"Active","Active","Rare","Low Spenders"
"681","1680",28,9,219723,522,"Active","Active","Rare","Low Spenders"
"693","1692",18,7,180183,522,"Active","Active","Rare","Low Spenders"
"717","1716",34,8,204393,522,"Active","Active","Rare","Low Spenders"
"719","1718",33,7,179473,522,"Active","Active","Rare","Low Spenders"
"728","1727",30,8,187648,522,"Active","Active","Rare","Low Spenders"
"740","1739",9,9,219745,522,"Active","Active","Rare","Low Spenders"
"742","1741",33,9,200408,522,"Active","Active","Rare","Low Spenders"
"744","1743",15,7,189190,522,"Active","Active","Rare","Low Spenders"
"800","1799",14,8,197350,522,"Active","Active","Rare","Low Spenders"
"807","1806",32,8,211551,522,"Active","Active","Rare","Low Spenders"
"816","1815",34,7,198202,522,"Active","Active","Rare","Low Spenders"
"821","1820",24,7,192483,522,"Active","Active","Rare","Low Spenders"
"822","1821",27,7,185394,522,"Active","Active","Rare","Low Spenders"
"825","1824",22,9,221265,522,"Active","Active","Rare","Low Spenders"
"833","1832",10,9,210604,522,"Active","Active","Rare","Low Spenders"
"834","1833",35,9,210937,522,"Active","Sleeping","Rare","Low Spenders"
"835","1834",31,8,181866,522,"Active","Active","Rare","Low Spenders"
"839","1838",10,8,209204,522,"Active","Active","Rare","Low Spenders"
"854","1853",15,9,218570,522,"Active","Active","Rare","Low Spenders"
"855","1854",11,9,222471,522,"Active","Active","Rare","Low Spenders"
"861","1860",9,7,195527,522,"Active","Active","Rare","Low Spenders"
"864","1863",9,8,208077,522,"Active","Active","Rare","Low Spenders"
"865","1864",23,9,215496,522,"Active","Active","Rare","Low Spenders"
"878","1877",18,9,190572,522,"Active","Active","Rare","Low Spenders"
"879","1878",21,9,208819,522,"Active","Active","Rare","Low Spenders"
"887","1886",32,9,211751,522,"Active","Active","Rare","Low Spenders"
"891","1890",13,8,202192,522,"Active","Active","Rare","Low Spenders"
"906","1905",13,9,221313,522,"Active","Active","Rare","Low Spenders"
"912","1911",33,8,187486,522,"Active","Active","Rare","Low Spenders"
"925","1924",30,7,180911,522,"Active","Active","Rare","Low Spenders"
"930","1929",19,9,208980,522,"Active","Active","Rare","Low Spenders"
"942","1941",23,8,199074,522,"Active","Active","Rare","Low Spenders"
"949","1948",15,7,188609,522,"Active","Active","Rare","Low Spenders"
"951","1950",19,9,219793,522,"Active","Active","Rare","Low Spenders"
"969","1968",28,9,221336,522,"Active","Active","Rare","Low Spenders"
"981","1980",18,8,211767,522,"Active","Active","Rare","Low Spenders"
"990","1989",8,7,184282,522,"Active","Active","Rare","Low Spenders"
"992","1991",22,7,179133,522,"Active","Active","Rare","Low Spenders"
"996","1995",28,8,201123,522,"Active","Active","Rare","Low Spenders"
"65","1064",19,7,168481,521,"Active","Active","Rare","Low Spenders"
"81","1080",25,7,150063,521,"Active","Active","Rare","Low Spenders"
"86","1085",22,7,176518,521,"Active","Active","Rare","Low Spenders"
"122","1121",19,6,153399,521,"Active","Active","Rare","Low Spenders"
"124","1123",6,7,164072,521,"Active","Active","Rare","Low Spenders"
"152","1151",27,7,155967,521,"Active","Active","Rare","Low Spenders"
"171","1170",18,6,151350,521,"Active","Active","Rare","Low Spenders"
"188","1187",25,6,133008,521,"Active","Active","Rare","Low Spenders"
"193","1192",26,7,161314,521,"Active","Active","Rare","Low Spenders"
"201","1200",6,7,154953,521,"Active","Active","Rare","Low Spenders"
"223","1222",6,7,169579,521,"Active","Active","Rare","Low Spenders"
"269","1268",25,7,175281,521,"Active","Active","Rare","Low Spenders"
"293","1292",6,6,138848,521,"Active","Active","Rare","Low Spenders"
"311","1310",11,6,153878,521,"Active","Active","Rare","Low Spenders"
"338","1337",7,7,173680,521,"Active","Active","Rare","Low Spenders"
"364","1363",13,6,163235,521,"Active","Active","Rare","Low Spenders"
"394","1393",9,7,176938,521,"Active","Active","Rare","Low Spenders"
"404","1403",17,6,157248,521,"Active","Active","Rare","Low Spenders"
"442","1441",16,8,170095,521,"Active","Active","Rare","Low Spenders"
"455","1454",20,7,168096,521,"Active","Active","Rare","Low Spenders"
"459","1458",7,6,137296,521,"Active","Active","Rare","Low Spenders"
"475","1474",35,6,160433,521,"Active","Sleeping","Rare","Low Spenders"
"477","1476",8,7,146774,521,"Active","Active","Rare","Low Spenders"
"504","1503",14,7,168794,521,"Active","Active","Rare","Low Spenders"
"506","1505",12,7,172675,521,"Active","Active","Rare","Low Spenders"
"531","1530",25,7,157263,521,"Active","Active","Rare","Low Spenders"
"576","1575",29,7,146330,521,"Active","Active","Rare","Low Spenders"
"579","1578",29,7,171642,521,"Active","Active","Rare","Low Spenders"
"596","1595",18,6,137463,521,"Active","Active","Rare","Low Spenders"
"603","1602",25,7,164744,521,"Active","Active","Rare","Low Spenders"
"631","1630",24,7,164901,521,"Active","Active","Rare","Low Spenders"
"639","1638",11,8,177938,521,"Active","Active","Rare","Low Spenders"
"656","1655",19,6,171526,521,"Active","Active","Rare","Low Spenders"
"671","1670",9,6,132729,521,"Active","Active","Rare","Low Spenders"
"703","1702",25,6,143609,521,"Active","Active","Rare","Low Spenders"
"709","1708",10,6,141652,521,"Active","Active","Rare","Low Spenders"
"714","1713",8,8,178058,521,"Active","Active","Rare","Low Spenders"
"716","1715",6,7,169556,521,"Active","Active","Rare","Low Spenders"
"720","1719",17,6,153029,521,"Active","Active","Rare","Low Spenders"
"759","1758",17,7,176081,521,"Active","Active","Rare","Low Spenders"
"761","1760",13,8,177158,521,"Active","Active","Rare","Low Spenders"
"762","1761",33,6,158160,521,"Active","Active","Rare","Low Spenders"
"774","1773",20,6,144022,521,"Active","Active","Rare","Low Spenders"
"776","1775",20,7,159807,521,"Active","Active","Rare","Low Spenders"
"836","1835",32,6,143968,521,"Active","Active","Rare","Low Spenders"
"842","1841",18,7,149631,521,"Active","Active","Rare","Low Spenders"
"849","1848",35,6,163620,521,"Active","Sleeping","Rare","Low Spenders"
"868","1867",10,7,175450,521,"Active","Active","Rare","Low Spenders"
"876","1875",26,6,154898,521,"Active","Active","Rare","Low Spenders"
"888","1887",12,6,137105,521,"Active","Active","Rare","Low Spenders"
"902","1901",25,7,162265,521,"Active","Active","Rare","Low Spenders"
"910","1909",19,7,170201,521,"Active","Active","Rare","Low Spenders"
"911","1910",9,8,169591,521,"Active","Active","Rare","Low Spenders"
"932","1931",34,7,174020,521,"Active","Active","Rare","Low Spenders"
"961","1960",16,7,154417,521,"Active","Active","Rare","Low Spenders"
"966","1965",18,7,176715,521,"Active","Active","Rare","Low Spenders"
"982","1981",27,7,171520,521,"Active","Active","Rare","Low Spenders"
"3","1002",26,5,117770,511,"Promising","Active","Rare","Low Spenders"
"19","1018",35,5,137693,511,"Promising","Sleeping","Rare","Low Spenders"
"189","1188",22,5,115655,511,"Promising","Active","Rare","Low Spenders"
"206","1205",28,5,122849,511,"Promising","Active","Rare","Low Spenders"
"225","1224",26,5,135059,511,"Promising","Active","Rare","Low Spenders"
"347","1346",14,5,125511,511,"Promising","Active","Rare","Low Spenders"
"427","1426",8,4,105407,511,"Promising","Active","Rare","Low Spenders"
"556","1555",23,5,122335,511,"Promising","Active","Rare","Low Spenders"
"577","1576",25,5,122494,511,"Promising","Active","Rare","Low Spenders"
"613","1612",19,4,119263,511,"Promising","Active","Rare","Low Spenders"
"688","1687",34,5,124934,511,"Promising","Active","Rare","Low Spenders"
"767","1766",25,5,144545,511,"Promising","Active","Rare","Low Spenders"
"848","1847",20,5,131471,511,"Promising","Active","Rare","Low Spenders"
"948","1947",27,4,123082,511,"Promising","Active","Rare","Low Spenders"
"352","1351",46,17,418329,455,"Loyal Customers","Sleeping","Fans","High Spenders"
"597","1596",50,18,463318,455,"Loyal Customers","Sleeping","Fans","High Spenders"
"611","1610",42,17,435518,455,"Loyal Customers","Sleeping","Fans","High Spenders"
"632","1631",57,18,463669,455,"Loyal Customers","Sleeping","Fans","High Spenders"
"837","1836",53,19,463494,455,"Loyal Customers","Sleeping","Fans","High Spenders"
"901","1900",48,17,426399,455,"Loyal Customers","Sleeping","Fans","High Spenders"
"15","1014",39,13,343973,445,"Loyal Customers","Sleeping","Fans","High Spenders"
"23","1022",65,16,413934,445,"Loyal Customers","Inactive","Fans","High Spenders"
"25","1024",56,16,393884,445,"Loyal Customers","Sleeping","Fans","High Spenders"
"46","1045",39,15,355496,445,"Loyal Customers","Sleeping","Fans","High Spenders"
"56","1055",47,16,421739,445,"Loyal Customers","Sleeping","Fans","High Spenders"
"76","1075",43,15,392830,445,"Loyal Customers","Sleeping","Fans","High Spenders"
"78","1077",58,16,388490,445,"Loyal Customers","Inactive","Fans","High Spenders"
"98","1097",38,13,334475,445,"Loyal Customers","Sleeping","Fans","High Spenders"
"103","1102",44,14,376758,445,"Loyal Customers","Sleeping","Fans","High Spenders"
"142","1141",43,14,354876,445,"Loyal Customers","Sleeping","Fans","High Spenders"
"151","1150",63,14,332328,445,"Loyal Customers","Inactive","Fans","High Spenders"
"203","1202",51,14,327783,445,"Loyal Customers","Sleeping","Fans","High Spenders"
"211","1210",42,13,334199,445,"Loyal Customers","Sleeping","Fans","High Spenders"
"228","1227",63,13,337066,445,"Loyal Customers","Inactive","Fans","High Spenders"
"231","1230",37,13,326985,445,"Loyal Customers","Sleeping","Fans","High Spenders"
"237","1236",45,15,365000,445,"Loyal Customers","Sleeping","Fans","High Spenders"
"256","1255",57,13,344230,445,"Loyal Customers","Sleeping","Fans","High Spenders"
"290","1289",52,14,329600,445,"Loyal Customers","Sleeping","Fans","High Spenders"
"291","1290",50,14,352795,445,"Loyal Customers","Sleeping","Fans","High Spenders"
"326","1325",49,15,378167,445,"Loyal Customers","Sleeping","Fans","High Spenders"
"376","1375",52,15,377515,445,"Loyal Customers","Sleeping","Fans","High Spenders"
"399","1398",43,13,350816,445,"Loyal Customers","Sleeping","Fans","High Spenders"
"416","1415",46,13,348088,445,"Loyal Customers","Sleeping","Fans","High Spenders"
"432","1431",44,14,370588,445,"Loyal Customers","Sleeping","Fans","High Spenders"
"449","1448",36,13,319069,445,"Loyal Customers","Sleeping","Fans","High Spenders"
"462","1461",37,14,348686,445,"Loyal Customers","Sleeping","Fans","High Spenders"
"482","1481",43,14,363827,445,"Loyal Customers","Sleeping","Fans","High Spenders"
"537","1536",41,13,331764,445,"Loyal Customers","Sleeping","Fans","High Spenders"
"539","1538",42,13,320314,445,"Loyal Customers","Sleeping","Fans","High Spenders"
"593","1592",45,13,319694,445,"Loyal Customers","Sleeping","Fans","High Spenders"
"599","1598",44,15,398222,445,"Loyal Customers","Sleeping","Fans","High Spenders"
"604","1603",55,15,382816,445,"Loyal Customers","Sleeping","Fans","High Spenders"
"606","1605",47,16,405616,445,"Loyal Customers","Sleeping","Fans","High Spenders"
"670","1669",55,13,320973,445,"Loyal Customers","Sleeping","Fans","High Spenders"
"698","1697",46,14,352642,445,"Loyal Customers","Sleeping","Fans","High Spenders"
"707","1706",53,13,326715,445,"Loyal Customers","Sleeping","Fans","High Spenders"
"736","1735",37,14,359968,445,"Loyal Customers","Sleeping","Fans","High Spenders"
"811","1810",57,14,340294,445,"Loyal Customers","Sleeping","Fans","High Spenders"
"814","1813",47,13,335044,445,"Loyal Customers","Sleeping","Fans","High Spenders"
"845","1844",50,15,392622,445,"Loyal Customers","Sleeping","Fans","High Spenders"
"847","1846",36,14,346238,445,"Loyal Customers","Sleeping","Fans","High Spenders"
"886","1885",41,14,393168,445,"Loyal Customers","Sleeping","Fans","High Spenders"
"907","1906",61,14,368610,445,"Loyal Customers","Inactive","Fans","High Spenders"
"956","1955",64,13,343229,445,"Loyal Customers","Inactive","Fans","High Spenders"
"968","1967",49,16,435646,445,"Loyal Customers","Sleeping","Fans","High Spenders"
"1000","1999",53,16,389071,445,"Loyal Customers","Sleeping","Fans","High Spenders"
"110","1109",57,13,308903,444,"Loyal Customers","Sleeping","Fans","High Spenders"
"319","1318",36,13,303415,444,"Loyal Customers","Sleeping","Fans","High Spenders"
"494","1493",37,13,310587,444,"Loyal Customers","Sleeping","Fans","High Spenders"
"512","1511",56,13,295880,444,"Loyal Customers","Sleeping","Fans","Average Spenders"
"68","1067",43,12,318960,435,"Potential Loyalist","Sleeping","Loyal","High Spenders"
"342","1341",63,11,326123,435,"Potential Loyalist","Inactive","Loyal","High Spenders"
"701","1700",48,12,319671,435,"Potential Loyalist","Sleeping","Loyal","High Spenders"
"748","1747",47,12,316908,435,"Potential Loyalist","Sleeping","Loyal","High Spenders"
"20","1019",53,11,281861,434,"Potential Loyalist","Sleeping","Loyal","Average Spenders"
"43","1042",36,11,272219,434,"Potential Loyalist","Sleeping","Loyal","Average Spenders"
"47","1046",47,11,293726,434,"Potential Loyalist","Sleeping","Loyal","Average Spenders"
"52","1051",38,11,273488,434,"Potential Loyalist","Sleeping","Loyal","Average Spenders"
"69","1068",41,12,301398,434,"Potential Loyalist","Sleeping","Loyal","High Spenders"
"136","1135",50,10,281464,434,"Potential Loyalist","Sleeping","Rare","Average Spenders"
"137","1136",39,11,280406,434,"Potential Loyalist","Sleeping","Loyal","Average Spenders"
"146","1145",47,12,284532,434,"Potential Loyalist","Sleeping","Loyal","Average Spenders"
"172","1171",44,11,288031,434,"Potential Loyalist","Sleeping","Loyal","Average Spenders"
"176","1175",39,11,294487,434,"Potential Loyalist","Sleeping","Loyal","Average Spenders"
"196","1195",43,12,277797,434,"Potential Loyalist","Sleeping","Loyal","Average Spenders"
"200","1199",61,11,279602,434,"Potential Loyalist","Inactive","Loyal","Average Spenders"
"208","1207",61,12,308838,434,"Potential Loyalist","Inactive","Loyal","High Spenders"
"216","1215",48,11,286120,434,"Potential Loyalist","Sleeping","Loyal","Average Spenders"
"234","1233",50,11,300727,434,"Potential Loyalist","Sleeping","Loyal","High Spenders"
"240","1239",51,11,280182,434,"Potential Loyalist","Sleeping","Loyal","Average Spenders"
"245","1244",38,11,291958,434,"Potential Loyalist","Sleeping","Loyal","Average Spenders"
"276","1275",44,12,312576,434,"Potential Loyalist","Sleeping","Loyal","High Spenders"
"283","1282",48,12,309890,434,"Potential Loyalist","Sleeping","Loyal","High Spenders"
"297","1296",41,11,296699,434,"Potential Loyalist","Sleeping","Loyal","Average Spenders"
"316","1315",37,12,304225,434,"Potential Loyalist","Sleeping","Loyal","High Spenders"
"359","1358",65,11,299999,434,"Potential Loyalist","Inactive","Loyal","High Spenders"
"393","1392",55,11,283965,434,"Potential Loyalist","Sleeping","Loyal","Average Spenders"
"397","1396",60,11,280897,434,"Potential Loyalist","Inactive","Loyal","Average Spenders"
"425","1424",55,12,293398,434,"Potential Loyalist","Sleeping","Loyal","Average Spenders"
"441","1440",51,11,284136,434,"Potential Loyalist","Sleeping","Loyal","Average Spenders"
"445","1444",59,11,266017,434,"Potential Loyalist","Inactive","Loyal","Average Spenders"
"511","1510",43,11,285638,434,"Potential Loyalist","Sleeping","Loyal","Average Spenders"
"528","1527",37,10,288910,434,"Potential Loyalist","Sleeping","Rare","Average Spenders"
"530","1529",63,11,265871,434,"Potential Loyalist","Inactive","Loyal","Average Spenders"
"552","1551",36,11,281834,434,"Potential Loyalist","Sleeping","Loyal","Average Spenders"
"592","1591",58,11,281492,434,"Potential Loyalist","Inactive","Loyal","Average Spenders"
"647","1646",39,12,302059,434,"Potential Loyalist","Sleeping","Loyal","High Spenders"
"650","1649",50,10,273438,434,"Potential Loyalist","Sleeping","Rare","Average Spenders"
"668","1667",39,11,285854,434,"Potential Loyalist","Sleeping","Loyal","Average Spenders"
"675","1674",42,11,299327,434,"Potential Loyalist","Sleeping","Loyal","High Spenders"
"679","1678",57,10,275378,434,"Potential Loyalist","Sleeping","Rare","Average Spenders"
"680","1679",41,11,291822,434,"Potential Loyalist","Sleeping","Loyal","Average Spenders"
"684","1683",51,11,293359,434,"Potential Loyalist","Sleeping","Loyal","Average Spenders"
"690","1689",39,12,301283,434,"Potential Loyalist","Sleeping","Loyal","High Spenders"
"722","1721",62,11,278687,434,"Potential Loyalist","Inactive","Loyal","Average Spenders"
"766","1765",53,11,289416,434,"Potential Loyalist","Sleeping","Loyal","Average Spenders"
"779","1778",58,10,266775,434,"Potential Loyalist","Inactive","Rare","Average Spenders"
"794","1793",62,12,277918,434,"Potential Loyalist","Inactive","Loyal","Average Spenders"
"801","1800",51,11,276448,434,"Potential Loyalist","Sleeping","Loyal","Average Spenders"
"809","1808",41,11,273188,434,"Potential Loyalist","Sleeping","Loyal","Average Spenders"
"820","1819",43,12,313899,434,"Potential Loyalist","Sleeping","Loyal","High Spenders"
"853","1852",56,11,274584,434,"Potential Loyalist","Sleeping","Loyal","Average Spenders"
"857","1856",40,11,276366,434,"Potential Loyalist","Sleeping","Loyal","Average Spenders"
"890","1889",36,12,299313,434,"Potential Loyalist","Sleeping","Loyal","High Spenders"
"941","1940",52,11,288616,434,"Potential Loyalist","Sleeping","Loyal","Average Spenders"
"971","1970",37,12,310950,434,"Potential Loyalist","Sleeping","Loyal","High Spenders"
"976","1975",40,12,273528,434,"Potential Loyalist","Sleeping","Loyal","Average Spenders"
"977","1976",46,12,314786,434,"Potential Loyalist","Sleeping","Loyal","High Spenders"
"986","1985",36,11,271933,434,"Potential Loyalist","Sleeping","Loyal","Average Spenders"
"27","1026",63,10,256047,433,"Potential Loyalist","Inactive","Rare","Average Spenders"
"30","1029",54,10,234239,433,"Potential Loyalist","Sleeping","Rare","Low Spenders"
"41","1040",38,11,262687,433,"Potential Loyalist","Sleeping","Loyal","Average Spenders"
"61","1060",36,10,244295,433,"Potential Loyalist","Sleeping","Rare","Low Spenders"
"73","1072",45,11,264371,433,"Potential Loyalist","Sleeping","Loyal","Average Spenders"
"100","1099",61,10,252958,433,"Potential Loyalist","Inactive","Rare","Average Spenders"
"102","1101",60,10,247674,433,"Potential Loyalist","Inactive","Rare","Average Spenders"
"118","1117",47,10,249118,433,"Potential Loyalist","Sleeping","Rare","Average Spenders"
"126","1125",46,10,228655,433,"Potential Loyalist","Sleeping","Rare","Low Spenders"
"215","1214",39,10,245531,433,"Potential Loyalist","Sleeping","Rare","Average Spenders"
"302","1301",52,10,255189,433,"Potential Loyalist","Sleeping","Rare","Average Spenders"
"350","1349",41,11,262487,433,"Potential Loyalist","Sleeping","Loyal","Average Spenders"
"353","1352",48,10,251341,433,"Potential Loyalist","Sleeping","Rare","Average Spenders"
"461","1460",65,10,251542,433,"Potential Loyalist","Inactive","Rare","Average Spenders"
"486","1485",65,11,260414,433,"Potential Loyalist","Inactive","Loyal","Average Spenders"
"533","1532",39,10,249309,433,"Potential Loyalist","Sleeping","Rare","Average Spenders"
"538","1537",49,11,263981,433,"Potential Loyalist","Sleeping","Loyal","Average Spenders"
"543","1542",39,10,240329,433,"Potential Loyalist","Sleeping","Rare","Low Spenders"
"544","1543",36,10,265438,433,"Potential Loyalist","Sleeping","Rare","Average Spenders"
"549","1548",64,10,242305,433,"Potential Loyalist","Inactive","Rare","Low Spenders"
"574","1573",63,11,253826,433,"Potential Loyalist","Inactive","Loyal","Average Spenders"
"607","1606",43,10,254901,433,"Potential Loyalist","Sleeping","Rare","Average Spenders"
"618","1617",52,10,255802,433,"Potential Loyalist","Sleeping","Rare","Average Spenders"
"652","1651",37,12,263019,433,"Potential Loyalist","Sleeping","Loyal","Average Spenders"
"694","1693",54,10,236070,433,"Potential Loyalist","Sleeping","Rare","Low Spenders"
"732","1731",51,10,239444,433,"Potential Loyalist","Sleeping","Rare","Low Spenders"
"757","1756",47,10,235649,433,"Potential Loyalist","Sleeping","Rare","Low Spenders"
"788","1787",36,10,257374,433,"Potential Loyalist","Sleeping","Rare","Average Spenders"
"862","1861",47,10,258031,433,"Potential Loyalist","Sleeping","Rare","Average Spenders"
"926","1925",38,10,256370,433,"Potential Loyalist","Sleeping","Rare","Average Spenders"
"985","1984",38,10,261351,433,"Potential Loyalist","Sleeping","Rare","Average Spenders"
"893","1892",65,10,211706,432,"Potential Loyalist","Inactive","Rare","Low Spenders"
"933","1932",38,10,218661,432,"Potential Loyalist","Sleeping","Rare","Low Spenders"
"2","1001",36,9,228485,423,"New Customers","Sleeping","Rare","Low Spenders"
"140","1139",53,9,225724,423,"New Customers","Sleeping","Rare","Low Spenders"
"168","1167",40,9,225861,423,"New Customers","Sleeping","Rare","Low Spenders"
"204","1203",38,8,227691,423,"New Customers","Sleeping","Rare","Low Spenders"
"207","1206",53,9,225662,423,"New Customers","Sleeping","Rare","Low Spenders"
"212","1211",42,9,231888,423,"New Customers","Sleeping","Rare","Low Spenders"
"340","1339",37,9,263515,423,"New Customers","Sleeping","Rare","Average Spenders"
"367","1366",41,9,234691,423,"New Customers","Sleeping","Rare","Low Spenders"
"383","1382",52,9,226070,423,"New Customers","Sleeping","Rare","Low Spenders"
"398","1397",43,9,243598,423,"New Customers","Sleeping","Rare","Low Spenders"
"401","1400",41,9,230320,423,"New Customers","Sleeping","Rare","Low Spenders"
"420","1419",45,9,240904,423,"New Customers","Sleeping","Rare","Low Spenders"
"456","1455",37,9,244802,423,"New Customers","Sleeping","Rare","Low Spenders"
"483","1482",37,9,227831,423,"New Customers","Sleeping","Rare","Low Spenders"
"519","1518",37,9,231446,423,"New Customers","Sleeping","Rare","Low Spenders"
"642","1641",42,9,244598,423,"New Customers","Sleeping","Rare","Low Spenders"
"676","1675",58,9,228801,423,"New Customers","Inactive","Rare","Low Spenders"
"706","1705",49,9,234307,423,"New Customers","Sleeping","Rare","Low Spenders"
"726","1725",41,9,237605,423,"New Customers","Sleeping","Rare","Low Spenders"
"760","1759",47,9,234377,423,"New Customers","Sleeping","Rare","Low Spenders"
"765","1764",61,9,246176,423,"New Customers","Inactive","Rare","Average Spenders"
"790","1789",63,9,246708,423,"New Customers","Inactive","Rare","Average Spenders"
"873","1872",46,9,244636,423,"New Customers","Sleeping","Rare","Low Spenders"
"882","1881",57,9,225769,423,"New Customers","Sleeping","Rare","Low Spenders"
"980","1979",60,8,225466,423,"New Customers","Inactive","Rare","Low Spenders"
"988","1987",65,8,226083,423,"New Customers","Inactive","Rare","Low Spenders"
"17","1016",51,8,199535,422,"New Customers","Sleeping","Rare","Low Spenders"
"50","1049",40,7,183077,422,"New Customers","Sleeping","Rare","Low Spenders"
"54","1053",54,8,189479,422,"New Customers","Sleeping","Rare","Low Spenders"
"131","1130",47,8,182532,422,"New Customers","Sleeping","Rare","Low Spenders"
"153","1152",46,8,212420,422,"New Customers","Sleeping","Rare","Low Spenders"
"184","1183",36,8,196207,422,"New Customers","Sleeping","Rare","Low Spenders"
"195","1194",41,8,205922,422,"New Customers","Sleeping","Rare","Low Spenders"
"230","1229",47,9,221688,422,"New Customers","Sleeping","Rare","Low Spenders"
"236","1235",45,8,199810,422,"New Customers","Sleeping","Rare","Low Spenders"
"253","1252",41,7,179009,422,"New Customers","Sleeping","Rare","Low Spenders"
"263","1262",59,9,211476,422,"New Customers","Inactive","Rare","Low Spenders"
"287","1286",41,8,193565,422,"New Customers","Sleeping","Rare","Low Spenders"
"308","1307",59,9,209804,422,"New Customers","Inactive","Rare","Low Spenders"
"335","1334",54,7,182800,422,"New Customers","Sleeping","Rare","Low Spenders"
"346","1345",36,9,213244,422,"New Customers","Sleeping","Rare","Low Spenders"
"384","1383",42,8,188227,422,"New Customers","Sleeping","Rare","Low Spenders"
"408","1407",38,8,178208,422,"New Customers","Sleeping","Rare","Low Spenders"
"410","1409",44,8,182467,422,"New Customers","Sleeping","Rare","Low Spenders"
"430","1429",49,9,207485,422,"New Customers","Sleeping","Rare","Low Spenders"
"453","1452",44,8,199522,422,"New Customers","Sleeping","Rare","Low Spenders"
"476","1475",63,9,220230,422,"New Customers","Inactive","Rare","Low Spenders"
"490","1489",44,9,223280,422,"New Customers","Sleeping","Rare","Low Spenders"
"545","1544",43,8,186020,422,"New Customers","Sleeping","Rare","Low Spenders"
"546","1545",47,7,179110,422,"New Customers","Sleeping","Rare","Low Spenders"
"550","1549",37,8,179568,422,"New Customers","Sleeping","Rare","Low Spenders"
"558","1557",63,9,216152,422,"New Customers","Inactive","Rare","Low Spenders"
"585","1584",49,9,221824,422,"New Customers","Sleeping","Rare","Low Spenders"
"591","1590",52,9,200672,422,"New Customers","Sleeping","Rare","Low Spenders"
"594","1593",43,8,198005,422,"New Customers","Sleeping","Rare","Low Spenders"
"623","1622",55,8,222492,422,"New Customers","Sleeping","Rare","Low Spenders"
"678","1677",38,9,208812,422,"New Customers","Sleeping","Rare","Low Spenders"
"682","1681",52,8,223118,422,"New Customers","Sleeping","Rare","Low Spenders"
"724","1723",54,8,197160,422,"New Customers","Sleeping","Rare","Low Spenders"
"727","1726",43,8,190465,422,"New Customers","Sleeping","Rare","Low Spenders"
"741","1740",48,8,205333,422,"New Customers","Sleeping","Rare","Low Spenders"
"769","1768",42,8,211566,422,"New Customers","Sleeping","Rare","Low Spenders"
"777","1776",60,8,209031,422,"New Customers","Inactive","Rare","Low Spenders"
"784","1783",45,8,202314,422,"New Customers","Sleeping","Rare","Low Spenders"
"812","1811",46,8,208483,422,"New Customers","Sleeping","Rare","Low Spenders"
"827","1826",41,9,221970,422,"New Customers","Sleeping","Rare","Low Spenders"
"832","1831",39,7,182614,422,"New Customers","Sleeping","Rare","Low Spenders"
"871","1870",57,8,191151,422,"New Customers","Sleeping","Rare","Low Spenders"
"896","1895",45,7,197378,422,"New Customers","Sleeping","Rare","Low Spenders"
"897","1896",45,8,189101,422,"New Customers","Sleeping","Rare","Low Spenders"
"916","1915",52,7,185490,422,"New Customers","Sleeping","Rare","Low Spenders"
"923","1922",56,7,188444,422,"New Customers","Sleeping","Rare","Low Spenders"
"934","1933",49,8,195042,422,"New Customers","Sleeping","Rare","Low Spenders"
"943","1942",50,9,223780,422,"New Customers","Sleeping","Rare","Low Spenders"
"957","1956",57,8,198653,422,"New Customers","Sleeping","Rare","Low Spenders"
"958","1957",45,9,212582,422,"New Customers","Sleeping","Rare","Low Spenders"
"993","1992",46,9,222284,422,"New Customers","Sleeping","Rare","Low Spenders"
"28","1027",49,6,159882,421,"New Customers","Sleeping","Rare","Low Spenders"
"36","1035",36,7,168744,421,"New Customers","Sleeping","Rare","Low Spenders"
"37","1036",41,6,133948,421,"New Customers","Sleeping","Rare","Low Spenders"
"53","1052",49,6,165704,421,"New Customers","Sleeping","Rare","Low Spenders"
"108","1107",51,6,149407,421,"New Customers","Sleeping","Rare","Low Spenders"
"111","1110",52,8,176970,421,"New Customers","Sleeping","Rare","Low Spenders"
"114","1113",46,7,162859,421,"New Customers","Sleeping","Rare","Low Spenders"
"116","1115",51,7,170239,421,"New Customers","Sleeping","Rare","Low Spenders"
"144","1143",48,6,146493,421,"New Customers","Sleeping","Rare","Low Spenders"
"185","1184",43,7,139416,421,"New Customers","Sleeping","Rare","Low Spenders"
"229","1228",41,8,172229,421,"New Customers","Sleeping","Rare","Low Spenders"
"275","1274",49,6,150420,421,"New Customers","Sleeping","Rare","Low Spenders"
"309","1308",48,6,147390,421,"New Customers","Sleeping","Rare","Low Spenders"
"322","1321",40,6,158180,421,"New Customers","Sleeping","Rare","Low Spenders"
"323","1322",45,7,159949,421,"New Customers","Sleeping","Rare","Low Spenders"
"330","1329",51,7,158395,421,"New Customers","Sleeping","Rare","Low Spenders"
"349","1348",58,7,176464,421,"New Customers","Inactive","Rare","Low Spenders"
"362","1361",55,7,166523,421,"New Customers","Sleeping","Rare","Low Spenders"
"378","1377",58,7,177896,421,"New Customers","Inactive","Rare","Low Spenders"
"431","1430",48,7,166241,421,"New Customers","Sleeping","Rare","Low Spenders"
"446","1445",38,6,170124,421,"New Customers","Sleeping","Rare","Low Spenders"
"466","1465",36,7,167722,421,"New Customers","Sleeping","Rare","Low Spenders"
"487","1486",40,7,171060,421,"New Customers","Sleeping","Rare","Low Spenders"
"488","1487",43,6,134991,421,"New Customers","Sleeping","Rare","Low Spenders"
"497","1496",39,7,164893,421,"New Customers","Sleeping","Rare","Low Spenders"
"526","1525",48,7,144175,421,"New Customers","Sleeping","Rare","Low Spenders"
"629","1628",64,6,146789,421,"New Customers","Inactive","Rare","Low Spenders"
"641","1640",41,7,171255,421,"New Customers","Sleeping","Rare","Low Spenders"
"643","1642",43,6,143465,421,"New Customers","Sleeping","Rare","Low Spenders"
"687","1686",48,6,128389,421,"New Customers","Sleeping","Rare","Low Spenders"
"840","1839",40,7,172264,421,"New Customers","Sleeping","Rare","Low Spenders"
"955","1954",45,6,139398,421,"New Customers","Sleeping","Rare","Low Spenders"
"962","1961",46,7,168141,421,"New Customers","Sleeping","Rare","Low Spenders"
"989","1988",54,7,157746,421,"New Customers","Sleeping","Rare","Low Spenders"
"94","1093",62,3,76892,411,"Promising","Inactive","Rare","Low Spenders"
"113","1112",54,5,152478,411,"Promising","Sleeping","Rare","Low Spenders"
"348","1347",47,5,134639,411,"Promising","Sleeping","Rare","Low Spenders"
"413","1412",47,4,103946,411,"Promising","Sleeping","Rare","Low Spenders"
"440","1439",59,4,92690,411,"Promising","Inactive","Rare","Low Spenders"
"451","1450",41,5,150885,411,"Promising","Sleeping","Rare","Low Spenders"
"467","1466",59,5,114193,411,"Promising","Inactive","Rare","Low Spenders"
"474","1473",40,5,129396,411,"Promising","Sleeping","Rare","Low Spenders"
"508","1507",37,5,113482,411,"Promising","Sleeping","Rare","Low Spenders"
"798","1797",43,4,104081,411,"Promising","Sleeping","Rare","Low Spenders"
"860","1859",62,5,143545,411,"Promising","Inactive","Rare","Low Spenders"
"869","1868",45,3,75245,411,"Promising","Sleeping","Rare","Low Spenders"
"924","1923",37,5,118054,411,"Promising","Sleeping","Rare","Low Spenders"
"950","1949",42,5,120697,411,"Promising","Sleeping","Rare","Low Spenders"
"11","1010",71,16,392482,345,"Loyal Customers","Inactive","Fans","High Spenders"
"241","1240",66,15,384229,345,"Loyal Customers","Inactive","Fans","High Spenders"
"261","1260",82,14,359126,345,"Loyal Customers","Inactive","Fans","High Spenders"
"292","1291",86,13,331369,345,"Loyal Customers","Inactive","Fans","High Spenders"
"314","1313",79,15,382574,345,"Loyal Customers","Inactive","Fans","High Spenders"
"608","1607",87,15,360050,345,"Loyal Customers","Inactive","Fans","High Spenders"
"772","1771",66,15,365175,345,"Loyal Customers","Inactive","Fans","High Spenders"
"877","1876",83,14,346810,345,"Loyal Customers","Inactive","Fans","High Spenders"
"894","1893",86,13,336284,345,"Loyal Customers","Inactive","Fans","High Spenders"
"254","1253",73,12,327316,335,"Loyal Customers","Inactive","Loyal","High Spenders"
"428","1427",78,12,320663,335,"Loyal Customers","Inactive","Loyal","High Spenders"
"33","1032",87,11,280276,334,"Loyal Customers","Inactive","Loyal","Average Spenders"
"268","1267",93,12,288716,334,"Loyal Customers","Inactive","Loyal","Average Spenders"
"315","1314",67,12,278673,334,"Loyal Customers","Inactive","Loyal","Average Spenders"
"471","1470",72,11,269100,334,"Loyal Customers","Inactive","Loyal","Average Spenders"
"478","1477",86,11,278614,334,"Loyal Customers","Inactive","Loyal","Average Spenders"
"496","1495",91,11,268924,334,"Loyal Customers","Inactive","Loyal","Average Spenders"
"702","1701",89,12,290889,334,"Loyal Customers","Inactive","Loyal","Average Spenders"
"927","1926",88,11,307429,334,"Loyal Customers","Inactive","Loyal","High Spenders"
"77","1076",83,10,237313,333,"Customers Needing Attention","Inactive","Rare","Low Spenders"
"89","1088",77,10,255950,333,"Customers Needing Attention","Inactive","Rare","Average Spenders"
"112","1111",72,11,253279,333,"Customers Needing Attention","Inactive","Loyal","Average Spenders"
"143","1142",75,10,230695,333,"Customers Needing Attention","Inactive","Rare","Low Spenders"
"158","1157",71,10,241843,333,"Customers Needing Attention","Inactive","Rare","Low Spenders"
"167","1166",68,11,244747,333,"Customers Needing Attention","Inactive","Loyal","Low Spenders"
"220","1219",67,11,241101,333,"Customers Needing Attention","Inactive","Loyal","Low Spenders"
"298","1297",85,10,256407,333,"Customers Needing Attention","Inactive","Rare","Average Spenders"
"389","1388",79,10,262164,333,"Customers Needing Attention","Inactive","Rare","Average Spenders"
"418","1417",71,10,252957,333,"Customers Needing Attention","Inactive","Rare","Average Spenders"
"468","1467",89,10,249503,333,"Customers Needing Attention","Inactive","Rare","Average Spenders"
"518","1517",73,10,253972,333,"Customers Needing Attention","Inactive","Rare","Average Spenders"
"571","1570",86,11,264853,333,"Customers Needing Attention","Inactive","Loyal","Average Spenders"
"600","1599",83,10,246203,333,"Customers Needing Attention","Inactive","Rare","Average Spenders"
"696","1695",66,10,238966,333,"Customers Needing Attention","Inactive","Rare","Low Spenders"
"900","1899",69,11,226846,333,"Customers Needing Attention","Inactive","Loyal","Low Spenders"
"963","1962",78,11,260177,333,"Customers Needing Attention","Inactive","Loyal","Average Spenders"
"9","1008",94,8,229840,323,"Customers Needing Attention","Inactive","Rare","Low Spenders"
"295","1294",93,9,237922,323,"Customers Needing Attention","Inactive","Rare","Low Spenders"
"360","1359",73,9,235337,323,"Customers Needing Attention","Inactive","Rare","Low Spenders"
"634","1633",89,9,252968,323,"Customers Needing Attention","Inactive","Rare","Average Spenders"
"944","1943",72,9,246042,323,"Customers Needing Attention","Inactive","Rare","Average Spenders"
"7","1006",80,8,196858,322,"Customers Needing Attention","Inactive","Rare","Low Spenders"
"14","1013",71,9,209303,322,"Customers Needing Attention","Inactive","Rare","Low Spenders"
"157","1156",77,9,213641,322,"Customers Needing Attention","Inactive","Rare","Low Spenders"
"260","1259",70,9,203529,322,"Customers Needing Attention","Inactive","Rare","Low Spenders"
"299","1298",89,8,212212,322,"Customers Needing Attention","Inactive","Rare","Low Spenders"
"300","1299",92,7,178378,322,"Customers Needing Attention","Inactive","Rare","Low Spenders"
"306","1305",74,9,215758,322,"Customers Needing Attention","Inactive","Rare","Low Spenders"
"313","1312",69,8,196692,322,"Customers Needing Attention","Inactive","Rare","Low Spenders"
"484","1483",75,9,220060,322,"Customers Needing Attention","Inactive","Rare","Low Spenders"
"499","1498",77,9,214988,322,"Customers Needing Attention","Inactive","Rare","Low Spenders"
"584","1583",68,8,182328,322,"Customers Needing Attention","Inactive","Rare","Low Spenders"
"612","1611",75,8,189050,322,"Customers Needing Attention","Inactive","Rare","Low Spenders"
"617","1616",88,8,179473,322,"Customers Needing Attention","Inactive","Rare","Low Spenders"
"619","1618",67,9,186150,322,"Customers Needing Attention","Inactive","Rare","Low Spenders"
"677","1676",69,8,187105,322,"Customers Needing Attention","Inactive","Rare","Low Spenders"
"746","1745",69,7,178084,322,"Customers Needing Attention","Inactive","Rare","Low Spenders"
"755","1754",86,8,196970,322,"Customers Needing Attention","Inactive","Rare","Low Spenders"
"783","1782",83,9,204531,322,"Customers Needing Attention","Inactive","Rare","Low Spenders"
"808","1807",75,9,216467,322,"Customers Needing Attention","Inactive","Rare","Low Spenders"
"824","1823",74,8,186130,322,"Customers Needing Attention","Inactive","Rare","Low Spenders"
"844","1843",78,8,209520,322,"Customers Needing Attention","Inactive","Rare","Low Spenders"
"850","1849",66,7,184769,322,"Customers Needing Attention","Inactive","Rare","Low Spenders"
"867","1866",68,8,220494,322,"Customers Needing Attention","Inactive","Rare","Low Spenders"
"898","1897",79,8,196532,322,"Customers Needing Attention","Inactive","Rare","Low Spenders"
"931","1930",74,9,220476,322,"Customers Needing Attention","Inactive","Rare","Low Spenders"
"991","1990",75,8,222049,322,"Customers Needing Attention","Inactive","Rare","Low Spenders"
"26","1025",85,7,162648,321,"Customers Needing Attention","Inactive","Rare","Low Spenders"
"70","1069",82,6,158805,321,"Customers Needing Attention","Inactive","Rare","Low Spenders"
"82","1081",75,7,152914,321,"Customers Needing Attention","Inactive","Rare","Low Spenders"
"117","1116",76,6,151040,321,"Customers Needing Attention","Inactive","Rare","Low Spenders"
"123","1122",78,7,165693,321,"Customers Needing Attention","Inactive","Rare","Low Spenders"
"161","1160",68,7,173038,321,"Customers Needing Attention","Inactive","Rare","Low Spenders"
"178","1177",72,8,174137,321,"Customers Needing Attention","Inactive","Rare","Low Spenders"
"301","1300",67,7,170863,321,"Customers Needing Attention","Inactive","Rare","Low Spenders"
"336","1335",78,6,168020,321,"Customers Needing Attention","Inactive","Rare","Low Spenders"
"469","1468",84,7,166245,321,"Customers Needing Attention","Inactive","Rare","Low Spenders"
"501","1500",69,8,176288,321,"Customers Needing Attention","Inactive","Rare","Low Spenders"
"555","1554",73,6,150472,321,"Customers Needing Attention","Inactive","Rare","Low Spenders"
"686","1685",83,6,148610,321,"Customers Needing Attention","Inactive","Rare","Low Spenders"
"729","1728",90,7,161932,321,"Customers Needing Attention","Inactive","Rare","Low Spenders"
"734","1733",76,7,156093,321,"Customers Needing Attention","Inactive","Rare","Low Spenders"
"751","1750",89,6,152288,321,"Customers Needing Attention","Inactive","Rare","Low Spenders"
"758","1757",81,8,174526,321,"Customers Needing Attention","Inactive","Rare","Low Spenders"
"817","1816",74,6,168734,321,"Customers Needing Attention","Inactive","Rare","Low Spenders"
"826","1825",92,6,124524,321,"Customers Needing Attention","Inactive","Rare","Low Spenders"
"920","1919",81,6,158242,321,"Customers Needing Attention","Inactive","Rare","Low Spenders"
"965","1964",84,7,177556,321,"Customers Needing Attention","Inactive","Rare","Low Spenders"
"970","1969",85,6,160755,321,"Customers Needing Attention","Inactive","Rare","Low Spenders"
"999","1998",80,7,162157,321,"Customers Needing Attention","Inactive","Rare","Low Spenders"
"45","1044",76,5,118485,311,"Customers Needing Attention","Inactive","Rare","Low Spenders"
"147","1146",81,5,131981,311,"Customers Needing Attention","Inactive","Rare","Low Spenders"
"156","1155",85,5,131903,311,"Customers Needing Attention","Inactive","Rare","Low Spenders"
"183","1182",80,4,109069,311,"Customers Needing Attention","Inactive","Rare","Low Spenders"
"247","1246",67,5,123615,311,"Customers Needing Attention","Inactive","Rare","Low Spenders"
"285","1284",70,5,133193,311,"Customers Needing Attention","Inactive","Rare","Low Spenders"
"312","1311",92,5,139769,311,"Customers Needing Attention","Inactive","Rare","Low Spenders"
"412","1411",72,5,115316,311,"Customers Needing Attention","Inactive","Rare","Low Spenders"
"460","1459",74,4,88074,311,"Customers Needing Attention","Inactive","Rare","Low Spenders"
"489","1488",74,5,134524,311,"Customers Needing Attention","Inactive","Rare","Low Spenders"
"797","1796",92,5,130935,311,"Customers Needing Attention","Inactive","Rare","Low Spenders"
"975","1974",78,5,115726,311,"Customers Needing Attention","Inactive","Rare","Low Spenders"
"994","1993",74,3,77797,311,"Customers Needing Attention","Inactive","Rare","Low Spenders"
"219","1218",110,14,349769,245,"Cant Lose Them","Inactive","Fans","High Spenders"
"320","1319",114,13,346027,245,"Cant Lose Them","Inactive","Fans","High Spenders"
"520","1519",114,15,360716,245,"Cant Lose Them","Inactive","Fans","High Spenders"
"723","1722",104,14,386789,245,"Cant Lose Them","Inactive","Fans","High Spenders"
"884","1883",121,14,313996,244,"At Risk","Inactive","Fans","High Spenders"
"44","1043",110,10,265890,234,"Sleeping","Inactive","Rare","Average Spenders"
"115","1114",126,11,275734,234,"Sleeping","Inactive","Loyal","Average Spenders"
"149","1148",99,11,280888,234,"Sleeping","Inactive","Loyal","Average Spenders"
"375","1374",113,11,295357,234,"Sleeping","Inactive","Loyal","Average Spenders"
"402","1401",105,12,304614,234,"Sleeping","Inactive","Loyal","High Spenders"
"595","1594",99,12,296543,234,"Sleeping","Inactive","Loyal","Average Spenders"
"700","1699",105,12,302147,234,"Sleeping","Inactive","Loyal","High Spenders"
"785","1784",109,12,301333,234,"Sleeping","Inactive","Loyal","High Spenders"
"979","1978",102,11,291448,234,"Sleeping","Inactive","Loyal","Average Spenders"
"12","1011",121,10,257174,233,"Customers Needing Attention","Inactive","Rare","Average Spenders"
"523","1522",109,10,241685,233,"Customers Needing Attention","Inactive","Rare","Low Spenders"
"633","1632",120,10,247314,233,"Customers Needing Attention","Inactive","Rare","Average Spenders"
"778","1777",110,10,224744,232,"Customers Needing Attention","Inactive","Rare","Low Spenders"
"128","1127",102,9,228845,223,"Customers Needing Attention","Inactive","Rare","Low Spenders"
"374","1373",112,9,230108,223,"Customers Needing Attention","Inactive","Rare","Low Spenders"
"421","1420",123,9,227234,223,"Customers Needing Attention","Inactive","Rare","Low Spenders"
"39","1038",121,8,197302,222,"About To Sleep","Inactive","Rare","Low Spenders"
"59","1058",109,8,194382,222,"About To Sleep","Inactive","Rare","Low Spenders"
"72","1071",103,7,185011,222,"About To Sleep","Inactive","Rare","Low Spenders"
"213","1212",101,8,179987,222,"About To Sleep","Inactive","Rare","Low Spenders"
"265","1264",111,8,203588,222,"About To Sleep","Inactive","Rare","Low Spenders"
"414","1413",126,8,200363,222,"About To Sleep","Inactive","Rare","Low Spenders"
"458","1457",97,8,197732,222,"About To Sleep","Inactive","Rare","Low Spenders"
"505","1504",117,7,180513,222,"About To Sleep","Inactive","Rare","Low Spenders"
"653","1652",119,7,182065,222,"About To Sleep","Inactive","Rare","Low Spenders"
"683","1682",122,8,202103,222,"About To Sleep","Inactive","Rare","Low Spenders"
"754","1753",111,9,209741,222,"About To Sleep","Inactive","Rare","Low Spenders"
"782","1781",121,8,195927,222,"About To Sleep","Inactive","Rare","Low Spenders"
"791","1790",104,7,186557,222,"About To Sleep","Inactive","Rare","Low Spenders"
"831","1830",123,8,206919,222,"About To Sleep","Inactive","Rare","Low Spenders"
"858","1857",131,7,184509,222,"About To Sleep","Inactive","Rare","Low Spenders"
"915","1914",115,7,182216,222,"About To Sleep","Inactive","Rare","Low Spenders"
"940","1939",108,9,194984,222,"About To Sleep","Inactive","Rare","Low Spenders"
"973","1972",114,8,190905,222,"About To Sleep","Inactive","Rare","Low Spenders"
"79","1078",100,6,135224,221,"About To Sleep","Inactive","Rare","Low Spenders"
"141","1140",130,7,165950,221,"About To Sleep","Inactive","Rare","Low Spenders"
"202","1201",126,7,159528,221,"About To Sleep","Inactive","Rare","Low Spenders"
"235","1234",128,7,173898,221,"About To Sleep","Inactive","Rare","Low Spenders"
"258","1257",113,7,173707,221,"About To Sleep","Inactive","Rare","Low Spenders"
"259","1258",102,6,136769,221,"About To Sleep","Inactive","Rare","Low Spenders"
"357","1356",120,6,173142,221,"About To Sleep","Inactive","Rare","Low Spenders"
"409","1408",129,6,143982,221,"About To Sleep","Inactive","Rare","Low Spenders"
"507","1506",95,7,169077,221,"About To Sleep","Inactive","Rare","Low Spenders"
"515","1514",100,6,132805,221,"About To Sleep","Inactive","Rare","Low Spenders"
"536","1535",105,6,154211,221,"About To Sleep","Inactive","Rare","Low Spenders"
"622","1621",115,6,128781,221,"About To Sleep","Inactive","Rare","Low Spenders"
"799","1798",132,7,169368,221,"About To Sleep","Inactive","Rare","Low Spenders"
"828","1827",115,6,159248,221,"About To Sleep","Inactive","Rare","Low Spenders"
"959","1958",132,6,166760,221,"About To Sleep","Inactive","Rare","Low Spenders"
"4","1003",100,5,104998,211,"About To Sleep","Inactive","Rare","Low Spenders"
"91","1090",112,5,135401,211,"About To Sleep","Inactive","Rare","Low Spenders"
"129","1128",111,5,131864,211,"About To Sleep","Inactive","Rare","Low Spenders"
"339","1338",121,5,124699,211,"About To Sleep","Inactive","Rare","Low Spenders"
"344","1343",102,5,115267,211,"About To Sleep","Inactive","Rare","Low Spenders"
"561","1560",122,5,129345,211,"About To Sleep","Inactive","Rare","Low Spenders"
"573","1572",107,3,75596,211,"About To Sleep","Inactive","Rare","Low Spenders"
"763","1762",97,5,111605,211,"About To Sleep","Inactive","Rare","Low Spenders"
"823","1822",119,4,94568,211,"About To Sleep","Inactive","Rare","Low Spenders"
"636","1635",149,15,343943,145,"Cant Lose Them","Inactive","Fans","High Spenders"
"908","1907",185,13,331072,145,"Cant Lose Them","Inactive","Fans","High Spenders"
"64","1063",135,12,283149,134,"About To Sleep","Inactive","Loyal","Average Spenders"
"369","1368",145,11,278029,134,"About To Sleep","Inactive","Loyal","Average Spenders"
"564","1563",163,11,280612,134,"About To Sleep","Inactive","Loyal","Average Spenders"
"127","1126",145,10,261626,133,"About To Sleep","Inactive","Rare","Average Spenders"
"651","1650",173,10,260942,133,"About To Sleep","Inactive","Rare","Average Spenders"
"804","1803",187,10,262807,133,"About To Sleep","Inactive","Rare","Average Spenders"
"731","1730",175,10,213331,132,"Hibernating","Inactive","Rare","Low Spenders"
"109","1108",142,9,232107,123,"About To Sleep","Inactive","Rare","Low Spenders"
"718","1717",162,9,237172,123,"About To Sleep","Inactive","Rare","Low Spenders"
"438","1437",192,8,210544,122,"Hibernating","Inactive","Rare","Low Spenders"
"525","1524",180,7,179142,122,"Hibernating","Inactive","Rare","Low Spenders"
"914","1913",177,8,185560,122,"Hibernating","Inactive","Rare","Low Spenders"
"937","1936",158,7,206076,122,"Hibernating","Inactive","Rare","Low Spenders"
"29","1028",137,6,125463,121,"Hibernating","Inactive","Rare","Low Spenders"
"34","1033",143,7,174252,121,"Hibernating","Inactive","Rare","Low Spenders"
"58","1057",151,7,164245,121,"Hibernating","Inactive","Rare","Low Spenders"
"226","1225",209,7,161587,121,"Hibernating","Inactive","Rare","Low Spenders"
"233","1232",175,6,171194,121,"Hibernating","Inactive","Rare","Low Spenders"
"372","1371",134,6,164134,121,"Hibernating","Inactive","Rare","Low Spenders"
"480","1479",142,7,163005,121,"Hibernating","Inactive","Rare","Low Spenders"
"770","1769",178,6,139846,121,"Hibernating","Inactive","Rare","Low Spenders"
"928","1927",258,6,116358,121,"Hibernating","Inactive","Rare","Low Spenders"
"49","1048",272,3,71705,111,"Lost","Inactive","Rare","Low Spenders"
"271","1270",153,5,111245,111,"Lost","Inactive","Rare","Low Spenders"
"334","1333",191,5,111042,111,"Lost","Inactive","Rare","Low Spenders"
"395","1394",134,3,67856,111,"Lost","Inactive","Rare","Low Spenders"
"492","1491",152,4,104528,111,"Lost","Inactive","Rare","Low Spenders"
"495","1494",152,3,66403,111,"Lost","Inactive","Rare","Low Spenders"
"547","1546",207,4,107536,111,"Lost","Inactive","Rare","Low Spenders"
"551","1550",154,5,117884,111,"Lost","Inactive","Rare","Low Spenders"
"673","1672",196,4,97508,111,"Lost","Inactive","Rare","Low Spenders"
"721","1720",138,2,44683,111,"Lost","Inactive","Rare","Low Spenders"
"806","1805",191,4,117328,111,"Lost","Inactive","Rare","Low Spenders"
"874","1873",140,5,127622,111,"Lost","Inactive","Rare","Low Spenders"
